﻿Designator,Footprint,Quantity,Value,LCSC Part #
BT101,cr1220,1,Battery_Cell,
"C101, C104",0603,2,10μF,C96446
"C102, C103, C106, C109, C110, C111, C112, C114, C116, C121, C123, C128",0402,12,100nF,C1525
"C105, C113, C115, C117, C118, C122, C124",0603,7,10uF,C96446
C107,0603,1,10u,C96446
C108,0402,1,100n,C1525
"C119, C120, C125, C126, C127",0805,5,22uF,C45783
D101,D_SOD-882D,1,ESD9B5.0ST5G, C7420372
"D102, D103, D104, D105, D106, D107",D_SOD-882D,6,5V,C7420372
D108,0805,1,RESET,C2296
D109,0805,1,ERROR,C84256 
D110,0805,1,STAT,C2297 
D111,D_SOD-323,1,D_Schottky, C191023
"F101, F102, F103",1206,3,Polyfuse, C883133
J101,SMA_Amphenol_132203-12_Horizontal,1,SMA, C2693813
J102,SMA_Amphenol_132203-12_Horizontal,1,SMA,C2693813
J103,JST_XH_B2B-XH-A_1x02_P2.50mm_Vertical,1,Battery,
J104,JST_PH_B3B-PH-K_1x03_P2.00mm_Vertical,1,Temp&Heater,
J105,JST_PH_B2B-PH-K_1x02_P2.00mm_Vertical,1,Ext Switch,
J106,JST_PH_B2B-PH-K_1x02_P2.00mm_Vertical,1,LiPo,
L101,0402,1,"27nH, 300mA",C18830
L102,L_Wuerth_WE-TPC-3816,1,L, C3033018
LED101,0805,1,USB Power,C2297
LED102,0805,1,CHARGE,C2296
LED103,0805,1,Backup Power,C2297
LED104,0805,1,Heater,C2296
LED105,0805,1,VDD,C2297
MICRO_SD101,TF-01A,1,TF-01A,C5155563
"Q101, Q102",SOT-23-3,2,Q_NMOS_GSD,C20917
"Q103, Q104, Q107, Q109",SOT-23,4,Q_PMOS_GSD,C15127
"Q105, Q106",SOT-23-3,2,Q_PNP_BEC, C8326
Q108,SOT-23,1,Q_NPN_BEC,C20526
"R101, R102",0402,2,22k,C25768
R103,0402,1,10,C25077
"R104, R105",0402,2,33,C25105
"R106, R107",0402,2,22k,C25768 
"R108, R109, R111",0402,3,470,C25117 
"R110, R112",0402,2,10k,C25744 
"R113, R114, R115, R119, R129, R138",0402,6,1k,C11702
"R116, R136",0402,2,47k,C25792
"R117, R123, R127, R131",0402,4,10k,C25744
"R118, R120, R121, R122, R124, R125, R126, R128, R134",0402,9,100k,C25741
"R130, R133, R137",0805,3,50mΩ,C247602
R132,0402,1,330k,C23137
R135,0402,1,15k, C25756
RV101,Potentiometer_Bourns_TC33X_Vertical,1,10k,C719176
SW101,TVAF06-A020B-R,1,RESET,
SW102,SW_Slide_SPDT_Straight_CK_OS102011MS2Q,1,Power Switch,
U101,BME280,1,~,C92489
U102,SOIC-8_3.9x4.9mm_P1.27mm,1,PCF8563T,C5795601
U103,E220-900T22S(JP),1,E220-900T22S(JP),
U104,SMT_9N-00B_UBL,1,NEO-M9N-00B,
U105,SOT_23_5,1,TPS3820,C130064 
U106,ESP32-S3-WROOM-1,1,ESP32-S3-WROOM-1,
U107,QFN-20-1EP_4x4mm_P0.5mm_EP2.5x2.5mm,1,MCP73871-1CC, C511310
"U108, U109, U111",VSSOP-10_3x3mm_P0.5mm,3,INA226,C49851
U110,VREG_TPS63070RNMR,1,TPS63070RNMR,C109322
USB101,USB_C_TYPEC-301S-ACP16X7,1,USB_C_Receptacle_USB2.0,C2982481
USB102,USB_C_TYPEC-301S-ACP16X7,1,USB_C_Receptacle_USB2.0,C2982481 
Y101,Crystal_SMD_3215-2Pin_3.2x1.5mm,1,Crystal,C9002
