﻿Designator,Footprint,Quantity,Value,LCSC Part #
B101,Board_1U_40x120_for_Rocket,1,~,
BT101,cr1220,1,Battery_Cell,
"C106, C701",0603,2,10u,C96446
"C107, C702",0402,2,100n,C1525
"C201, C203, C304, C309, C311, C316, C402, C802, C803",0402,9,100nF,C1525
"C202, C301, C302, C303, C305, C306, C310, C312",0603,8,10uF,C96446
"C307, C308, C313, C314, C315",0805,5,22uF,C45783
C401,0402,1,10uF,C96446
"C501, C503, C505, C507",0603,4,10uF,
"C502, C504, C506, C508",0402,4,100nF,
"C801, C804",0603,2,10μF,C96446
"D201, D202, D203",D_SOD-882,3,5V,C7420372
D204,0805,1,RESET,C2296
D205,0805,1,ERROR,C84256
D206,0805,1,STAT,C2297
"D401, D402",D_SOD-323,2,D,C191023
"F301, F302, F303",1206,3,Polyfuse, C883133
J301,JST_XH_B2B-XH-A_1x02_P2.50mm_Vertical,1,Battery,
J302,JST_PH_S2B-PH-K_1x02_P2.00mm_Horizontal,1,Ext Switch,
"J303, J603",JST_PH_S2B-PH-K_1x02_P2.00mm_Horizontal,2,LiPo,
J601,Harwin_M20-89003xx_1x03_P2.54mm_Horizontal,1,Servo1,
J602,Harwin_M20-89003xx_1x03_P2.54mm_Horizontal,1,Servo2,
J901,PinHeader_1x02_P2.54mm_Vertical,1,Conn_01x02,
L301,L_Wuerth_WE-TPC-3816,1,L,C3033018
LED301,0805,1,USB Power,C2297
LED302,0805,1,CHARGE,C2296
LED303,0805,1,Backup,C2296
LED304,0805,1,VDD,C2297
MICRO_SD401,TF-01A,1,TF-01A,C5155563
"R201, R202",0402,2,5.1k,C25905
"R203, R204, R206",0402,3,470,C25117
"R205, R207, R310",0402,3,10k,C25744
"R301, R302, R303, R308, R317",0402,5,1k,C11702
"R304, R305, R307, R313",0402,4,100k,C25741
"R306, R315",0402,2,47k,C25792
"R309, R312, R316",0805,3,50mΩ,C247602
R311,0402,1,330k,C25778
R314,0402,1,15k,C25756
"R901, R902",0402,2,470,
RV301,Potentiometer_Bourns_TC33X_Vertical,1,10k,C719176
SW201,TVAF06-A020B-R,1,RESET_sw,
SW202,TVAF06-A020B-R,1,Boot_sw,
SW301,SW_Slide_SPDT_Straight_CK_OS102011MS2Q,1,Power Switch,
SW901,IS-2245S-G,1,SW_Push_DPDT,
U201,SOT-23-5,1,TPS3820,C7719
U202,ESP32-S3-WROOM-1,1,ESP32-S3-WROOM-1,
U301,QFN-20-1EP_4x4mm_P0.5mm_EP2.5x2.5mm,1,MCP73871-1CC, C511310
U302,SOT-583-8,1,TPS2116DRL,
"U303, U304, U306",VSSOP-10_3x3mm_P0.5mm,3,INA226,C49851
U305,VREG_TPS63070RNMR,1,TPS63070RNMR,C109322
U401,SOIC-8_3.9x4.9mm_P1.27mm,1,PCF8563T,C7440
U501,XDCR_BMM150,1,BMM150,
U502,XDCR_BMI270,1,BMI270,
U701,E220-900T22S(JP),1,E220-900T22S(JP),
U801,BME280,1,~,C92489
U901,ublox_SAM-M8Q,1,SAM-M8Q,
USB201,USB_C_TYPEC-301S-ACP16X7,1,USB_C_Receptacle_USB2.0,C2856766
Y401,Crystal_SMD_3215-2Pin_3.2x1.5mm,1,Crystal,C32346
