﻿Designator,Footprint,Quantity,Value,LCSC Part #
BT101,cr1220,1,Battery,
"C1001, C1003, C1005, C1007, C101, C203, C301, C302, C303, C305, C306, C310, C312, C401, C801, C901, C904",0603,17,10uF,C19702
"C1002, C1004, C1006, C1008, C201, C202, C204, C304, C309, C311, C316, C402, C503, C601, C602, C603, C701, C902, C903",0402,19,100nF,C1525
"C307, C308, C313, C314, C315",0805,5,22uF,C45783
C802,0402,1,100n,C1525
"D201, D202, D203",D_SOD-882,3,5V,C7420372
D204,0805,1,RESET,C2296
D205,0805,1,ERROR,C84256
D206,0805,1,STAT,C2297
D801,D_SOD-882,1,ESD9B5.0ST5G,C7420372
"F301, F302, F303",1206,3,Polyfuse, C883133
J301,JST_XH_S2B-XH-A_1x02_P2.50mm_Horizontal,1,Battery,
J302,JST_PH_S3B-PH-K_1x03_P2.00mm_Horizontal,1,Temp&Heater,
J303,JST_PH_S2B-PH-K_1x02_P2.00mm_Horizontal,1,Ext Switch,
"J304, J701, J702",PinHeader_1x02_P1.27mm_Vertical,3,Conn_01x02,
J305,JST_PH_S2B-PH-K_1x02_P2.00mm_Horizontal,1,LiPo,
"J502, J602",Grove_4P_L_SMD,2,Conn_01x04_MountingPin,
"J703, J801",SMA_Amphenol_132203-12_Horizontal,2,SMA,C2693813
L301,L_Wuerth_WE-TPC-3816,1,L,C3033018
L701,0402,1,"27nH, 300mA",C18830
LED301,0805,1,USB Power,C2297
LED302,0805,1,CHARGE,C2296
LED303,0805,1,Backup,C2296
LED304,0805,1,Heater,C2296
LED305,0805,1,VDD,C2297
"LED501, LED601",0603,2,Power,C2297
MICRO_SD401,TF-01A,1,TF-01A,C5155563
Q301,SOT-23,1,Q_NPN_BEC,C20526
Q302,SOT-23,1,Q_PMOS_GSD,C15127
"R201, R202",0402,2,5.1k,C25905
"R203, R204, R206",0402,3,470,C25117
"R205, R207, R308, R311, R314, R315, R601",0402,7,10k,C25744
"R301, R302, R303, R309, R312, R322, R503, R603",0402,8,1k,C11702
"R304, R305, R307, R310, R318",0402,5,100k,C25741
"R306, R320",0402,2,47k,C25792
"R313, R317, R321, R502, R602",0805,5,50mΩ,C247602
R316,0402,1,330k,C25778
R319,0402,1,15k,C25756
"R701, R702",0402,2,33,C25077
R703,0402,1,10,C25077
RV301,Potentiometer_Bourns_TC33X_Vertical,1,10k,C719176
SW201,TVAF06-A020B-R,1,RESET_sw,
SW202,TVAF06-A020B-R,1,Boot_sw,
U1001,XDCR_BMM150,1,BMM150,
U1002,XDCR_BMI270,1,BMI270,
U201,SOT-23-5,1,TPS3820,C7719
U202,SOIC-8_3.9x4.9mm_P1.27mm,1,SN65HVD230,C12084
U203,ESP32-S3-WROOM-1,1,ESP32-S3-WROOM-1,
U301,QFN-20-1EP_4x4mm_P0.5mm_EP2.5x2.5mm,1,MCP73871-1CC, C511310
U302,SOT-583-8,1,TPS2116DRL,
"U303, U304, U306, U502, U602",VSSOP-10_3x3mm_P0.5mm,5,INA226,C49851
U305,VREG_TPS63070RNMR,1,TPS63070RNMR,C109322
U401,SOIC-8_3.9x4.9mm_P1.27mm,1,PCF8563T,C7440
U601,WCSPD-4(0.8x0.8),1,TCK106AF,C146305
U701,ublox_MAX,1,MAX-M10S,
U801,E220-900T22S(JP),1,E220-900T22S(JP),
U901,BME280,1,~,C92489
USB201,USB_C_TYPEC-301S-ACP16X7,1,USB_C_Receptacle_USB2.0,C2856766
Y401,Crystal_SMD_3215-2Pin_3.2x1.5mm,1,Crystal,C32346
