﻿Designator,Footprint,Quantity,Value,LCSC Part #
"C101, C102",0603,2,10u,C96446
"C103, C104, C107, C108, C110, C112, C113, C114, C115, C116, C117",0402,11,100nF,C1525 
"C105, C106",0402,2,27pF,C1555
"C109, C111",0402,2,1uF,C52923
C118,0402,1,100nF,C1525
D101,0805,1,RESET,C2296
"D102, D103, D104",D_SOD-882,3,5V,C7420372
D105,0805,1,STAT,C2297
D106,0805,1,ERROR,C84256
"D107, D108, D109, D110, D111, D112, D113, D114, D115, D116, D117, D118, D119, D120",LED_D3.0mm_FlatTop,14,LED,
J101,PinHeader_1x03_P1.27mm_Vertical,1,DEBUG,
J102,Grove_4P_L_SMD,1,Conn_01x04_MountingPin,
J103,PinHeader_1x02_P1.27mm_Vertical,1,Jumper,
J104,Grove_4P_L_SMD,1,Conn_01x04_MountingPin,
"R101, R109, R111",0402,3,10k,C25744
"R102, R105, R108, R110, R112, R114, R115, R116, R117, R118",0402,10,1k,C11702
"R103, R104",0402,2,22k,C25768
"R106, R107",0402,2,22.4,C25092
"R113, R119, R120, R121, R122, R123, R124, R125, R126, R127, R128",0402,11,47k,C25792
R129,0402,1,120,C25079
SW101,TVAF06-A020B-R,1,RESET_sw,
SW102,TVAF06-A020B-R,1,BOOT0,
"SW103, SW105, SW106, SW107, SW108, SW109, SW110",ToggleSwitch,7,sw1,
SW104,RotarySwitch_2x04,1,~,
U101,SOT-223-3_TabPin2,1,AMS1117-3.3,C6186
U102,SOIC-8_3.9x4.9mm_P1.27mm,1,SN65HVD230,C12084
U103,SOIC-8_5.23x5.23mm_P1.27mm,1,W25Q128JVS,C97521
U104,QFN-56-1EP_7x7mm_P0.4mm_EP3.2x3.2mm,1,RP2040,C2040
USB101,USB_C_TYPEC-301S-ACP16X7,1,USB_C_Receptacle_USB2.0,C2856766
Y101,Crystal_SMD_3225-4Pin_3.2x2.5mm,1,Crystal_GND24,C9002
lcd101,SC2004CSWB,1,SC2004CSWB-XA-LB-G,
