Comment,Designator,Footprint,LCSC
TPS63070RNMR,U404,VREG_TPS63070RNMR,C109322
1k,"R401,R402,R403,R415",R_0402_1005Metric,C11702
SN65HVD230,U202,SOIC-8_3.9x4.9mm_P1.27mm,C12084
100nF,"C201,C202,C204,C402,C407,C409,C414",C_0402_1005Metric,C1525
RESET,"D204,LED402",LED_0805_2012Metric,C2296
STAT,"D206,LED401,LED403",LED_0805_2012Metric,C2297
50mΩ,"R407,R410,R414",R_0805_2012Metric,C247602
120,R301,R_0402_1005Metric,C25079
470,"R204,R205,R207",R_0402_1005Metric,C25117
100k,"R404,R406,R411",R_0402_1005Metric,C25741
10k,"R201,R206,R208,R405,R408",R_0402_1005Metric,C25744
15k,R412,R_0402_1005Metric,C25756
330k,R409,R_0402_1005Metric,C25778
47k,R413,R_0402_1005Metric,C25792
5.1k,"R202,R203",R_0402_1005Metric,C25905
USB_C_Receptacle_USB2.0,USB201,USB_C_TYPEC-301S-ACP16X7,C2856766
L,L401,L_Wuerth_WE-TPC-3816,C3033018
22uF,"C405,C406,C411,C412,C413",C_0805_2012Metric,C45783
INA226,"U402,U403,U405",VSSOP-10_3x3mm_P0.5mm,C49851
MCP73871-1CC,U401,QFN-20-1EP_4x4mm_P0.5mm_EP2.5x2.5mm,C511310
10k,RV401,Potentiometer_Bourns_TC33X_Vertical,C719176
5V,"D201,D202,D203",D_SOD-882,C7420372
TPS3820,U201,SOT-23-5,C7719
ERROR,D205,LED_0805_2012Metric,C84256
Polyfuse,"F401,F402",Fuse_1206_3216Metric,C883133
10uF,"C203,C401,C403,C404,C408,C410",C_0603_1608Metric,C96446
