Comment,Designator,Footprint,LCSC
1k,"R901,R909",R_0402_1005Metric,C11702
SN65HVD230,U802,SOIC-8_3.9x4.9mm_P1.27mm,C12084
100nF,"C201,C202,C207,C302,C303,C401,C402,C502,C602,C701,C801,C802,C804,C901,C905,C910",C_0402_1005Metric,C1525
0.22μF,C205,C_0402_1005Metric,C16772
"27nH, 300mA",L401,L_0402_1005Metric,C18830
1N5819WS,"D601,D602",D_SOD-323,C191023
BMI088,U201,BMI088,C194919
4.7μF,C206,C_0603_1608Metric,C19666
RESET,D804,LED_0805_2012Metric,C2296
STAT,"D806,LED901,LED902",LED_0805_2012Metric,C2297
50mΩ,"R902,R908",R_0805_2012Metric,C247602
10,R403,R_0402_1005Metric,C25077
120,R701,R_0402_1005Metric,C25079
33,"R404,R405",R_0402_1005Metric,C25105
470,"R804,R805,R807",R_0402_1005Metric,C25117
100k,R905,R_0402_1005Metric,C25741
10k,"R801,R806,R808,R903",R_0402_1005Metric,C25744
15k,R906,R_0402_1005Metric,C25756
330k,R904,R_0402_1005Metric,C25778
47k,R907,R_0402_1005Metric,C25792
4.7K,R201,R_0402_1005Metric,C25900
5.1k,"R401,R402,R802,R803",R_0402_1005Metric,C25905
USB_C_Receptacle_USB2.0,"USB401,USB801",USB_C_TYPEC-301S-ACP16X7,C2856766
L,L901,L_Wuerth_WE-TPC-3816,C3033018
Crystal,Y601,Crystal_SMD_3215-2Pin_3.2x1.5mm,C32346
22uF,"C902,C903,C907,C908,C909",C_0805_2012Metric,C45783
INA226,"U901,U903",VSSOP-10_3x3mm_P0.5mm,C49851
TF-01A,MICRO_SD601,TF-01A,C5155563
5V,"D401,D402,D403,D501,D801,D802,D803",D_SOD-882D,C7420372
PCF8563T,U601,SOIC-8_3.9x4.9mm_P1.27mm,C7440
TPS3820,U801,SOT_23_5,C7719
ERROR,D805,LED_0805_2012Metric,C84256
Polyfuse,F901,Fuse_1206_3216Metric,C883133
~,U301,BME280,C92489
10uF,"C101,C203,C204,C208,C301,C304,C501,C601,C803,C904,C906",C_0603_1608Metric,C96446
TPS63070RNMR,U902,VREG_TPS63070RNMR,C964639
QMC5883L,U202,_HMC5883L,C976032
