﻿Designator,Footprint,Quantity,Value,LCSC Part #
B101,Board_1U_60x70,1,~,
"C101, C102",0603,2,10u,C96446
"C201, C202, C205, C206, C208, C210, C211, C212, C213, C214, C215",0402,11,100nF,C1525 
"C203, C204",0402,2,27pF,C1555
"C207, C209",0402,2,1uF,C52923
"C301, C504, C509, C510, C702, C703",0402,6,100nF,C1525
C401,0603,1,47nF,  C1622
"C402, C503, C505",0603,3,10uF,C96446
"C403, C404",0402,2,0.1uF,C1525
"C405, C406, C407",0603,3,4.7uF,C19666
"C501, C502, C506, C507, C508",0805,5,22uF,C45783
"C601, C603, C605, C607",0603,4,10uF,
"C602, C604, C606, C608",0402,4,100nF,
"C701, C704",0603,2,10μF,C96446
D201,0805,1,RESET,C2296
"D202, D203, D204",D_SOD-882,3,5V,C7420372
D205,0805,1,STAT,C2297
D206,0805,1,ERROR,C84256
D401,D_SOD-323,1,D,C191023
"D402, D403",0805,2,LED,C2297
J101,JST_XA_S02B-XASK-1N-BN_1x02_P2.50mm_Horizontal,1,Conn_01x02,
J201,PinHeader_1x03_P1.27mm_Vertical,1,DEBUG,
J301,Grove_4P_L_SMD,1,Conn_01x04_MountingPin,
"J401, J402",JST_XA_S02B-XASK-1N-BN_1x02_P2.50mm_Horizontal,2,Conn_01x02,
L401,L_Chilisin_BMRF00101040,1,L, C1519857
L501,L_Wuerth_WE-TPC-3816,1,L,C3033018
"Q401, Q402",SOT-23-3,2,Q_NMOS_GSD,C20917
"R201, R209, R211, R501, R504",0402,5,10k,C25744
"R202, R205, R208, R210, R212, R404, R405, R407",0402,8,1k,C11702
"R203, R204",0402,2,5.1k,C25905
"R206, R207",0402,2,22.4,C25092
R301,0402,1,120,C25079
"R401, R402, R406, R408, R503",0402,5,100k,C25741
R403,0402,1,2.2k,C25879
R502,0402,1,330k,C23137
"R505, R507, R508",0402,3,1k, C11702
R506,0402,1,51k, C25794
RV401,Potentiometer_Bourns_TC33X_Vertical,1,20k,C720648
SW201,TVAF06-A020B-R,1,RESET_sw,
SW202,TVAF06-A020B-R,1,BOOT0,
U101,SOT-223-3_TabPin2,1,AMS1117-3.3,C6186
U201,SOIC-8_3.9x4.9mm_P1.27mm,1,SN65HVD230,C12084
U202,SOIC-8_5.3x5.3mm_P1.27mm,1,W25Q128JVS,C97521
U203,QFN-56-1EP_7x7mm_P0.4mm_EP3.2x3.2mm,1,RP2040,C2040
U401,WQFN-16-1EP_3x3mm_P0.5mm_EP1.68x1.68mm_ThermalVias,1,~,C169167
U501,VREG_TPS63070RNMR,1,TPS63070RNMR,C109322
"U502, U503",DIP-6_W7.62mm,2,~,
U601,XDCR_BMM150,1,BMM150,
U602,XDCR_BMI270,1,BMI270,
U701,BME280,1,~,C92489
USB201,USB_C_TYPEC-301S-ACP16X7,1,USB_C_Receptacle_USB2.0,C2856766
Y201,Crystal_SMD_3225-4Pin_3.2x2.5mm,1,Crystal_GND24,C9002
