﻿Designator,Footprint,Quantity,Value,LCSC Part #
,,1,,
AE1,GNSS_Antenna_1212,1,Antenna,C784391
BT1,cr1220,1,Battery,
"C1, C12, C13, C16, C20, C4, C9",0603,7,10uF,C96446
"C10, C11, C17, C18, C19",0805,5,10uF,C96446
"C101, C102, C201, C202, C209, C216",0603,6,10u,C96446
"C103, C104, C107, C108, C110, C112, C113, C114, C115, C116, C117, C218, C219, C222, C223, C225, C227, C228, C229, C230, C231, C232",0402,22,100nF, C1525 
"C105, C106, C220, C221",0402,4,27pF,C1555
"C109, C111, C224, C226",0402,4,1uF, C52923
"C118, C14, C15, C2, C203, C21, C233, C3, C5, C6, C7, C8",0402,12,100nF,C1525
"C204, C205, C208, C211, C212, C215",0603,6,100p, C14858
"C206, C207, C210, C213, C214, C217",0402,6,100n,C1525
"D1, D102, D103, D104, D2, D206, D207, D208, D3",D_SOD-882,9,5V,C7420372
"D101, D205, D4",0805,3,RESET,C2296
"D105, D209, D6",0805,3,STAT,C2297
"D106, D210, D5",0805,3,ERROR, C84256
"D107, D108, D109, D110, D111, D112, D113, D114, D115, D116, D117, D118, D119, D120",LED_D3.0mm_FlatTop,14,LED,
"D201, D202, D203, D204",D_SOD-882,4,ESD9B5.0ST5G, C7420372
D7,D_SOD-323,1,D_Schottky, C191023
"F1, F2, F3",1206,3,Polyfuse, C883133
"J1, J103, J201, J208, J3",PinHeader_1x02_P1.27mm_Vertical,5,Jumper,
"J101, J207",PinHeader_1x03_P1.27mm_Vertical,2,DEBUG,
J102,Grove_4P_L_SMD,1,Conn_01x04_MountingPin,
"J104, J2, J202, J209, J4",Grove_4P_L_SMD,5,Conn_01x04_MountingPin,
"J203, J204, J205, J206",SMA_aki,4,SMA,
J5,JST_XH_S2B-XH-A_1x02_P2.50mm_Horizontal,1,Battery,
J6,JST_PH_S2B-PH-K_1x02_P2.00mm_Horizontal,1,LiPo,
L1,L_Wuerth_WE-TPC-3816,1,L, C3033018
LED1,0805,1,USB Power,C2297
LED2,0805,1,CHARGE,C2296
LED3,0805,1,VDD,C2297
MICRO_SD1,TF-01A,1,TF-01A,C5155563
"R1, R2",0402,2,22k,C25768
"R10, R11, R129, R201, R214",0402,5,120,C25079
"R101, R109, R111, R15, R202, R210, R212, R5, R7",0402,9,10k,C25744
"R102, R105, R108, R110, R112, R203, R206, R209, R211, R213",0402,10,1k, C11702
"R103, R104, R204, R205",0402,4,22k, C25768
"R106, R107, R207, R208",0402,4,22.4, C25092
"R113, R119, R120, R121, R122, R123, R124, R125, R126, R127, R128, R21",0402,12,47k,C25792
"R114, R115, R116, R117, R118, R12, R13, R16, R22",0402,9,1k,C11702
"R14, R17, R19",0402,3,100k,C25741
R18,0805,1,50mΩ,C247602
R20,0402,1,15k,C25756
"R3, R4, R6",0402,3,470,C25117
"R8, R9",0402,2,33,C25105
RV1,Potentiometer_Bourns_TC33X_Vertical,1,10k, C719176
SW1,TVAF06-A020B-R,1,RESET_sw,
"SW101, SW201",TVAF06-A020B-R,2,RESET_sw,
"SW102, SW202",TVAF06-A020B-R,2,BOOT0,
"SW103, SW105, SW106, SW107, SW108, SW109, SW110",ToggleSwitch,7,sw1,
SW104,RotarySwitch_2x04,1,~,
SW2,SW_Slide_SPDT_Angled_CK_OS102011MA1Q,1,Power Switch,
"Switch201, Switch202",SOT-363_SC-70-6,2,XA17-G4K1,C513494
U1,SOT-23-5,1,TPS3820, C7719
"U101, U201",SOT-223-3_TabPin2,2,AMS1117-3.3,C6186
"U102, U2, U204",SOIC-8_3.9x4.9mm_P1.27mm,3,SN65HVD230,C12084
"U103, U205",SOIC-8_5.23x5.23mm_P1.27mm,2,W25Q128JVS,C97521
"U104, U206",QFN-56-1EP_7x7mm_P0.4mm_EP3.2x3.2mm,2,RP2040, C2040
"U202, U203",E220-900T22S(JP),2,E220-900T22S(JP),
U3,ESP32-S3-WROOM-1,1,ESP32-S3-WROOM-1,
U4,ATGM332D-5N31,1,NEO-M9N-00B,C128659
U5,QFN-20-1EP_4x4mm_P0.5mm_EP2.5x2.5mm,1,MCP73871-1CC, C511310
U6,VREG_TPS63070RNMR,1,TPS63070RNMR,C109322
U7,VSSOP-10_3x3mm_P0.5mm,1,INA226,C49851
U8,SOIC-8_3.9x4.9mm_P1.27mm,1,PCF8563T,C7440
USB1,USB_C_TYPEC-301S-ACP16X7,1,USB_C_Receptacle_USB2.0, C2856766
"USB101, USB201",USB_C_TYPEC-301S-ACP16X7,2,USB_C_Receptacle_USB2.0,C2856766
Y1,Crystal_SMD_3215-2Pin_3.2x1.5mm,1,Crystal,C9002
"Y101, Y201",Crystal_SMD_3225-4Pin_3.2x2.5mm,2,Crystal_GND24, C9002
lcd101,SC2004CSWB,1,SC2004CSWB-XA-LB-G,
