Comment,Designator,Footprint,LCSC
TPS63070RNMR,U504,VREG_TPS63070RNMR,C109322
1k,"R302,R501,R502,R503,R515",R_0402_1005Metric,C11702
SN65HVD230,U202,SOIC-8_3.9x4.9mm_P1.27mm,C12084
100nF,"C201,C202,C204,C301,C502,C507,C509,C514",C_0402_1005Metric,C1525
RESET,"D204,LED502",LED_0805_2012Metric,C2296
STAT,"D206,LED301,LED501,LED503",LED_0805_2012Metric,C2297
50mΩ,"R301,R507,R510,R514",R_0805_2012Metric,C247602
470,"R204,R205,R207",R_0402_1005Metric,C25117
100k,"R504,R506,R511",R_0402_1005Metric,C25741
10k,"R201,R206,R208,R505,R508",R_0402_1005Metric,C25744
15k,R512,R_0402_1005Metric,C25756
330k,R509,R_0402_1005Metric,C25778
47k,R513,R_0402_1005Metric,C25792
5.1k,"R202,R203",R_0402_1005Metric,C25905
USB_C_Receptacle_USB2.0,USB201,USB_C_TYPEC-301S-ACP16X7,C2856766
L,L501,L_Wuerth_WE-TPC-3816,C3033018
22uF,"C505,C506,C511,C512,C513",C_0805_2012Metric,C45783
INA226,"U301,U502,U503,U505",VSSOP-10_3x3mm_P0.5mm,C49851
MCP73871-1CC,U501,QFN-20-1EP_4x4mm_P0.5mm_EP2.5x2.5mm,C511310
10k,RV501,Potentiometer_Bourns_TC33X_Vertical,C719176
5V,"D201,D202,D203",D_SOD-882,C7420372
TPS3820,U201,SOT-23-5_HandSoldering,C7719
ERROR,D205,LED_0805_2012Metric,C84256
Polyfuse,"F501,F502",Fuse_1206_3216Metric,C883133
10uF,"C203,C501,C503,C504,C508,C510",C_0603_1608Metric,C96446
