﻿Designator,Footprint,Quantity,Value,LCSC Part #
,,1,,
AE1,GNSS_Antenna_1212,1,Antenna,C784391
BT1,cr1220,1,Battery,
"C1, C12, C13, C16, C20, C4, C9",0603,7,10uF,C96446
"C10, C11, C17, C18, C19",0805,5,10uF,C15850
"C14, C15, C2, C21, C3, C5, C6, C7, C8",0402,9,100nF,C1525
"D1, D2, D3",D_SOD-882,3,5V,C7420372
D4,0805,1,RESET,C2296
D5,0805,1,ERROR, C84256
D6,0805,1,STAT,C2297
D7,D_SOD-323,1,D_Schottky, C191023
"F1, F2, F3",1206,3,Polyfuse, C883133
"J1, J3",PinHeader_1x02_P1.27mm_Vertical,2,Jumper,
"J2, J4",Grove_4P_L_SMD,2,Conn_01x04_MountingPin,
J5,JST_XH_S2B-XH-A_1x02_P2.50mm_Horizontal,1,Battery,
J6,JST_PH_S2B-PH-K_1x02_P2.00mm_Horizontal,1,LiPo,
L1,L_Wuerth_WE-TPC-3816,1,L, C3033018
LED1,0805,1,USB Power,C2297
LED2,0805,1,CHARGE,C2296
LED3,0805,1,VDD,C2297
MICRO_SD1,TF-01A,1,TF-01A,C5155563
"R1, R2",0402,2,22k,C25768
"R10, R11",0402,2,120,C25079
"R12, R13, R16, R22",0402,4,1k,C11702
"R14, R17, R19",0402,3,100k,C25741
"R15, R5, R7",0402,3,10k,C25744
R18,0805,1,50mΩ,C247602
R20,0402,1,15k,C25756
R21,0402,1,47k,C25792
"R3, R4, R6",0402,3,470,C25117
"R8, R9",0402,2,33,C25105
RV1,Potentiometer_Bourns_TC33X_Vertical,1,10k, C719176
SW1,TVAF06-A020B-R,1,RESET_sw,
SW2,SW_Slide_SPDT_Angled_CK_OS102011MA1Q,1,Power Switch,
U1,SOT-23-5,1,TPS3820, C7719
U2,SOIC-8_3.9x4.9mm_P1.27mm,1,SN65HVD230,C12084
U3,ESP32-S3-WROOM-1,1,ESP32-S3-WROOM-1,
U4,ATGM332D-5N31,1,NEO-M9N-00B,C128659
U5,QFN-20-1EP_4x4mm_P0.5mm_EP2.5x2.5mm,1,MCP73871-1CC, C511310
U6,VREG_TPS63070RNMR,1,TPS63070RNMR,C109322
U7,VSSOP-10_3x3mm_P0.5mm,1,INA226,C49851
U8,SOIC-8_3.9x4.9mm_P1.27mm,1,PCF8563T,C7440
USB1,USB_C_TYPEC-301S-ACP16X7,1,USB_C_Receptacle_USB2.0, C2856766
Y1,Crystal_SMD_3215-2Pin_3.2x1.5mm,1,Crystal,C9002
