﻿Designator,Footprint,Quantity,Value,LCSC Part #
BZ201,Buzzer_12x9.5RM7.6,1,Buzzer,
"C101, C102, C201",0603,3,10uF,C96446
"C202, C401, C502, C503",0402,4,100nF,C1525
"C301, C302, C305, C306, C308, C310, C311, C312, C313, C314, C315",0402,11,100nF,C1525 
"C303, C304",0402,2,27pF,C1555
"C307, C309",0402,2,1uF,C52923
"C501, C504",0603,2,10μF,C96446
D201,0805,1,PMOS,C84256
"D202, D204",D_SOD-323,2,D_Schottky, C191023
D203,0805,1,ALERT,C84256
D205,0805,1,NMOS,C84256
D206,0805,1,NORMAL,C2297
D301,0805,1,RESET,C2296
"D302, D303, D304",D_SOD-882D,3,5V,C7420372
D305,0805,1,STAT,C2297
D306,0805,1,ERROR,C84256
F201,1206,1,Polyfuse,C914215
J101,JST_XA_B02B-XASK-1_1x02_P2.50mm_Vertical,1,THERMISTER,
J201,JST_XA_B02B-XASK-1_1x02_P2.50mm_Vertical,1,LiPo 2 Cell,
J202,JST_XA_S02B-XASK-1N-BN_1x02_P2.50mm_Horizontal,1,IGNITER,
J203,JST_XA_B02B-XASK-1_1x02_P2.50mm_Vertical,1,PowerSW,
J301,PinHeader_1x03_P1.27mm_Vertical,1,DEBUG,
J402,Grove_4P_L_SMD,1,Conn_01x04_MountingPin,
Q201,SOT-23,1,Q_PMOS_GSD,C15127
Q202,SOT-23-3,1,Q_NMOS_DGS,C20917
Q203,SOT-23,1,Q_NPN_BEC,C20526
"R101, R202, R204, R205, R301, R309, R311",0402,7,10k,C25744
"R201, R207, R209, R211",0402,4,1k,C25123
R203,2010,1,20mΩ,C474229
"R206, R208",0402,2,510,C25123
"R210, R302, R305, R308, R310, R312",0402,6,1k,C11702
"R303, R304",0402,2,5.1k,C25905
"R306, R307",0402,2,22.4,C25092
R401,0402,1,120,C25079
SW301,TVAF06-A020B-R,1,RESET_sw,
SW302,TVAF06-A020B-R,1,BOOT0,
U101,SOT-223-3_TabPin2,1,AMS1117-3.3,C6186
U201,VSSOP-10_3x3mm_P0.5mm,1,INA226,C49851
U301,SOIC-8_3.9x4.9mm_P1.27mm,1,SN65HVD230,C12084
U302,SOIC-8_5.3x5.3mm_P1.27mm,1,W25Q128JVS,C97521
U303,QFN-56-1EP_7x7mm_P0.4mm_EP3.2x3.2mm,1,RP2040,C2040
U501,BME280,1,~,C92489
USB301,USB_C_TYPEC-301S-ACP16X7,1,USB_C_Receptacle_USB2.0,C2856766
Y301,Crystal_SMD_3225-4Pin_3.2x2.5mm,1,Crystal_GND24,C9002
